{
 "actions": [],
 "creation": "2020-09-22 14:11:51.000467",
 "doctype": "DocType",
 "editable_grid": 1,
 "engine": "InnoDB",
 "field_order": [
  "mode_of_payment",
  "amount"
 ],
 "fields": [
  {
   "fieldname": "mode_of_payment",
   "fieldtype": "Link",
   "in_list_view": 1,
   "label": "Mode of Payment",
   "options": "Mode of Payment",
   "reqd": 1
  },
  {
   "default": "0",
   "fieldname": "amount",
   "fieldtype": "Currency",
   "in_list_view": 1,
   "label": "Opening Amount",
   "options": "company:company_currency",
   "reqd": 1
  }
 ],
 "istable": 1,
 "links": [],
 "modified": "2020-09-23 02:29:31.193208",
 "modified_by": "Administrator",
 "module": "shoperprime",
 "name": "POS Opening Shift Detail",
 "owner": "Administrator",
 "permissions": [],
 "quick_entry": 1,
 "sort_field": "modified",
 "sort_order": "DESC",
 "track_changes": 1
}