{
 "actions": [],
 "creation": "2021-06-06 14:55:34.840650",
 "doctype": "DocType",
 "editable_grid": 1,
 "engine": "InnoDB",
 "field_order": [
  "offer_name",
  "row_id",
  "apply_on",
  "offer",
  "items",
  "give_item",
  "give_item_row_id",
  "offer_applied",
  "coupon_based",
  "coupon"
 ],
 "fields": [
  {
   "fieldname": "offer_name",
   "fieldtype": "Link",
   "in_list_view": 1,
   "label": "Offer Name",
   "options": "POS Offer",
   "read_only": 1
  },
  {
   "fieldname": "apply_on",
   "fieldtype": "Data",
   "in_list_view": 1,
   "label": "Apply On",
   "read_only": 1
  },
  {
   "fieldname": "offer",
   "fieldtype": "Data",
   "in_list_view": 1,
   "label": "Offer",
   "read_only": 1
  },
  {
   "default": "1",
   "fieldname": "offer_applied",
   "fieldtype": "Check",
   "in_list_view": 1,
   "label": "Offer Applied",
   "read_only": 1
  },
  {
   "fieldname": "row_id",
   "fieldtype": "Data",
   "label": "Row ID",
   "read_only": 1
  },
  {
   "fieldname": "items",
   "fieldtype": "Small Text",
   "label": "Items",
   "no_copy": 1,
   "print_hide": 1,
   "read_only": 1
  },
  {
   "fieldname": "give_item",
   "fieldtype": "Link",
   "in_list_view": 1,
   "label": "Give Item",
   "options": "Item",
   "read_only": 1
  },
  {
   "fieldname": "give_item_row_id",
   "fieldtype": "Data",
   "label": "Give Item Row ID",
   "read_only": 1
  },
  {
   "fieldname": "coupon",
   "fieldtype": "Link",
   "in_list_view": 1,
   "label": "Coupon",
   "options": "POS Coupon",
   "read_only": 1
  },
  {
   "default": "0",
   "fetch_from": "offer_name.coupon_based",
   "fetch_if_empty": 1,
   "fieldname": "coupon_based",
   "fieldtype": "Check",
   "label": "Coupon Based",
   "read_only": 1
  }
 ],
 "index_web_pages_for_search": 1,
 "istable": 1,
 "links": [],
 "modified": "2021-07-25 17:12:41.138596",
 "modified_by": "Administrator",
 "module": "shoperprime",
 "name": "POS Offer Detail",
 "owner": "Administrator",
 "permissions": [],
 "quick_entry": 1,
 "sort_field": "modified",
 "sort_order": "DESC",
 "track_changes": 1
}